Designator,Mid X,Mid Y,Layer,Rotation
C2,166.5500mm,85.5500mm,Top,270.0
C3,169.2500mm,87.9500mm,Top,270.0
C4,176.0200mm,106.5000mm,Top,270.0
C5,128.4500mm,13.2000mm,Top,90.0
C6,156.0500mm,88.2500mm,Top,180.0
C8,156.4500mm,85.8500mm,Top,270.0
C9,169.2950mm,82.9250mm,Top,90.0
C10,171.9500mm,82.9500mm,Top,90.0
C11,174.2500mm,82.9500mm,Top,90.0
C12,169.2450mm,60.4500mm,Top,180.0
C13,171.9500mm,66.6500mm,Top,0.0
C14,166.7500mm,73.9250mm,Top,270.0
C15,168.8500mm,74.4500mm,Top,270.0
C16,161.5200mm,67.9000mm,Top,90.0
C17,158.0200mm,67.9000mm,Top,90.0
C18,164.4000mm,59.6500mm,Top,270.0
C19,160.2000mm,59.8500mm,Top,270.0
C20,162.2000mm,59.6500mm,Top,270.0
C21,162.1500mm,56.0000mm,Top,270.0
C22,160.2000mm,56.6750mm,Top,270.0
C23,72.6500mm,15.3000mm,Top,270.0
C24,74.7000mm,15.2750mm,Top,270.0
C29,132.3250mm,41.6950mm,Top,0.0
C30,132.1250mm,39.7950mm,Top,0.0
C31,132.5000mm,60.4000mm,Top,0.0
C32,132.3250mm,58.5000mm,Top,0.0
C33,132.5000mm,50.9500mm,Top,0.0
C34,132.3000mm,49.1500mm,Top,0.0
C35,140.9000mm,62.1000mm,Top,270.0
C36,133.0250mm,62.7000mm,Top,0.0
C37,148.1000mm,13.2000mm,Top,0.0
C38,151.2000mm,13.2000mm,Top,0.0
C39,141.9250mm,13.2500mm,Top,0.0
C40,145.0500mm,11.6000mm,Top,0.0
C41,135.7250mm,11.6000mm,Top,0.0
C42,138.8000mm,13.1500mm,Top,0.0
C43,158.7250mm,4.9500mm,Top,0.0
C44,152.2000mm,16.0000mm,Top,270.0
C45,153.7000mm,15.9750mm,Top,270.0
C46,160.2000mm,15.9750mm,Top,270.0
C47,161.7500mm,15.9750mm,Top,270.0
C48,105.5500mm,11.7500mm,Top,180.0
C49,146.9500mm,25.9500mm,Top,0.0
C50,149.9500mm,25.9500mm,Top,180.0
C51,159.9500mm,27.1250mm,Top,0.0
C52,162.9500mm,27.1250mm,Top,180.0
C53,102.1750mm,21.6250mm,Top,0.0
C54,105.4500mm,24.6250mm,Top,270.0
C55,164.4500mm,30.1250mm,Top,270.0
C56,150.9500mm,28.9500mm,Top,270.0
C57,147.4500mm,52.4500mm,Top,180.0
C58,133.2500mm,12.4500mm,Top,90.0
C59,103.3500mm,100.8500mm,Top,90.0
C60,120.7500mm,12.4500mm,Top,90.0
C61,104.1500mm,111.1000mm,Top,0.0
C62,89.6450mm,69.3850mm,Top,270.0
C63,82.4200mm,70.4100mm,Top,180.0
C64,117.6500mm,13.3500mm,Top,180.0
C65,72.2000mm,57.1000mm,Top,270.0
C66,86.4450mm,60.2850mm,Top,90.0
C67,79.4200mm,68.2600mm,Top,180.0
C68,104.4000mm,41.5000mm,Top,0.0
C69,89.6500mm,47.1250mm,Top,270.0
C70,113.8750mm,13.3500mm,Top,180.0
C71,82.4250mm,48.1500mm,Top,180.0
C72,72.2000mm,51.3000mm,Top,270.0
C73,86.4500mm,38.0250mm,Top,90.0
C74,79.4250mm,46.0000mm,Top,180.0
C75,104.4000mm,37.8000mm,Top,0.0
C76,89.7000mm,24.2750mm,Top,270.0
C77,110.0500mm,13.3500mm,Top,180.0
C78,82.4750mm,25.3000mm,Top,180.0
C79,72.2000mm,47.1000mm,Top,270.0
C80,86.5000mm,15.1750mm,Top,90.0
C81,79.4750mm,23.1500mm,Top,180.0
C82,104.4000mm,34.1500mm,Top,0.0
C83,106.5500mm,50.3500mm,Top,180.0
C84,106.6250mm,52.3500mm,Top,180.0
C85,104.4000mm,30.4000mm,Top,0.0
C86,104.4250mm,45.1500mm,Top,0.0
C87,89.3750mm,43.3000mm,Top,0.0
C88,116.2500mm,39.7500mm,Top,270.0
C89,89.6000mm,21.3500mm,Top,0.0
C90,89.4250mm,65.9000mm,Top,0.0
C91,93.7000mm,49.1000mm,Top,0.0
C92,39.0000mm,23.0000mm,Top,270.0
C93,41.3000mm,23.0000mm,Top,270.0
C94,39.8000mm,14.4000mm,Top,270.0
C95,42.1000mm,14.4000mm,Top,270.0
C96,72.8250mm,35.9000mm,Top,0.0
C97,75.4450mm,109.7500mm,Top,0.0
C98,75.4500mm,111.9500mm,Top,0.0
C99,75.9000mm,100.2000mm,Top,0.0
C100,76.0000mm,96.4000mm,Top,0.0
C101,117.5250mm,115.2150mm,Top,90.0
C102,126.9250mm,112.1650mm,Top,90.0
C103,116.5250mm,108.1000mm,Top,180.0
C104,111.5500mm,96.3500mm,Top,180.0
C105,119.5250mm,103.3000mm,Top,0.0
C106,117.1250mm,94.7000mm,Top,180.0
C107,104.0000mm,93.7000mm,Top,270.0
C108,111.8750mm,106.0000mm,Top,0.0
C109,106.9500mm,100.9250mm,Top,270.0
C110,104.5500mm,97.9500mm,Top,0.0
C111,112.9750mm,84.3000mm,Top,180.0
C112,112.8500mm,86.3000mm,Top,180.0
C114,103.2500mm,114.5500mm,Top,270.0
C115,105.5500mm,114.5750mm,Top,270.0
C116,136.1000mm,107.4250mm,Top,180.0
C117,136.0500mm,105.5750mm,Top,180.0
C118,143.2750mm,85.6500mm,Top,180.0
C121,104.1500mm,107.3500mm,Top,0.0
C122,104.9500mm,104.4500mm,Top,90.0
D1,158.7950mm,100.4500mm,Top,0.0
D2,173.0875mm,107.4000mm,Top,270.0
D4,167.2325mm,97.0000mm,Top,0.0
D5,175.7950mm,85.3375mm,Top,270.0
D6,154.5200mm,71.2375mm,Top,270.0
D7,168.3100mm,55.8500mm,Top,180.0
D8,43.3000mm,22.4000mm,Top,90.0
D9,152.8500mm,2.6000mm,Top,90.0
D10,110.0500mm,89.7500mm,Top,90.0
D11,105.1625mm,89.8500mm,Top,90.0
D12,94.2000mm,114.0000mm,Top,90.0
D13,93.4500mm,121.6500mm,Top,270.0
D14,125.7500mm,88.7000mm,Top,270.0
D15,125.6500mm,81.1000mm,Top,270.0
D16,82.6500mm,115.4500mm,Top,0.0
D18,104.5000mm,83.7000mm,Top,0.0
FB1,113.8000mm,81.4375mm,Top,90.0
L1,160.9500mm,78.9500mm,Top,0.0
L2,166.1700mm,64.9500mm,Top,180.0
R1,168.5200mm,106.5000mm,Top,270.0
R5,157.0500mm,92.0500mm,Top,270.0
R6,159.5750mm,91.2500mm,Top,0.0
R8,171.0500mm,71.4500mm,Top,0.0
R9,173.4500mm,70.7500mm,Top,270.0
R10,175.1950mm,63.9500mm,Top,0.0
R11,175.1950mm,66.9500mm,Top,0.0
R12,170.4500mm,63.3250mm,Top,270.0
R13,167.1950mm,100.5000mm,Top,0.0
R14,175.7950mm,82.1250mm,Top,90.0
R15,154.5200mm,67.7750mm,Top,90.0
R16,164.7500mm,55.8500mm,Top,0.0
R17,43.3000mm,27.4000mm,Top,270.0
R18,126.6750mm,54.3000mm,Top,180.0
R19,126.7250mm,56.8500mm,Top,180.0
R20,126.4750mm,45.0000mm,Top,180.0
R21,126.4750mm,47.5500mm,Top,180.0
R22,126.3750mm,35.6000mm,Top,180.0
R23,126.3750mm,38.1500mm,Top,180.0
R24,148.1000mm,11.6000mm,Top,0.0
R25,151.2000mm,11.6000mm,Top,0.0
R26,141.9250mm,11.5500mm,Top,0.0
R27,145.0500mm,13.2000mm,Top,0.0
R28,135.7000mm,13.2500mm,Top,0.0
R29,138.8250mm,11.6000mm,Top,0.0
R30,141.6500mm,69.5250mm,Top,90.0
R31,139.9500mm,69.5250mm,Top,90.0
R32,143.0000mm,62.1000mm,Top,270.0
R33,138.6000mm,62.1000mm,Top,270.0
R34,155.3500mm,2.6500mm,Top,90.0
R35,158.7250mm,1.8500mm,Top,0.0
R36,136.5000mm,54.6750mm,Top,90.0
R37,136.5000mm,57.6750mm,Top,90.0
R38,136.4500mm,45.3250mm,Top,90.0
R39,136.4500mm,48.3250mm,Top,90.0
R40,136.3500mm,36.1250mm,Top,90.0
R41,136.3500mm,39.1250mm,Top,90.0
R42,152.2000mm,19.0250mm,Top,270.0
R43,153.7000mm,19.0250mm,Top,270.0
R44,160.2000mm,19.0250mm,Top,270.0
R45,161.8000mm,19.0750mm,Top,270.0
R46,105.5250mm,13.3500mm,Top,0.0
R47,144.9500mm,23.1250mm,Top,90.0
R48,151.4500mm,23.1250mm,Top,90.0
R49,158.8000mm,23.1250mm,Top,90.0
R50,165.5500mm,23.1250mm,Top,90.0
R51,99.4500mm,20.1250mm,Top,270.0
R52,146.9500mm,23.1250mm,Top,270.0
R53,149.4500mm,23.1250mm,Top,270.0
R54,161.0500mm,23.1250mm,Top,270.0
R55,163.1500mm,23.1250mm,Top,270.0
R56,100.9500mm,17.1250mm,Top,0.0
R59,123.2000mm,24.2750mm,Top,90.0
R60,119.9500mm,24.4500mm,Top,180.0
R61,117.4500mm,25.2250mm,Top,90.0
R62,115.0000mm,24.4000mm,Top,180.0
R63,83.2450mm,74.9600mm,Top,270.0
R64,84.9450mm,71.1350mm,Top,270.0
R65,87.7450mm,69.3850mm,Top,270.0
R66,82.4200mm,72.3100mm,Top,180.0
R67,117.6500mm,11.7500mm,Top,180.0
R68,78.6075mm,62.4600mm,Top,0.0
R69,78.4500mm,60.0500mm,Top,0.0
R70,79.4200mm,64.5600mm,Top,0.0
R71,82.2950mm,60.3100mm,Top,0.0
R72,84.6950mm,60.3100mm,Top,90.0
R73,79.3950mm,66.4100mm,Top,180.0
R74,104.2000mm,39.6000mm,Top,180.0
R75,83.2500mm,52.7000mm,Top,270.0
R76,87.7500mm,47.1250mm,Top,270.0
R77,113.8750mm,11.7500mm,Top,180.0
R78,84.9500mm,48.8750mm,Top,270.0
R79,82.4250mm,50.0500mm,Top,180.0
R80,78.6125mm,40.2000mm,Top,0.0
R81,78.5000mm,37.8000mm,Top,0.0
R82,79.4250mm,42.3000mm,Top,0.0
R83,82.3000mm,38.0500mm,Top,0.0
R84,84.7000mm,38.0500mm,Top,90.0
R85,79.4000mm,44.1500mm,Top,180.0
R86,104.2000mm,36.0000mm,Top,180.0
R87,83.3000mm,29.8500mm,Top,270.0
R88,87.8000mm,24.2750mm,Top,270.0
R89,110.0500mm,11.7500mm,Top,180.0
R90,85.0000mm,26.0250mm,Top,270.0
R91,82.4750mm,27.2000mm,Top,180.0
R92,78.6625mm,17.3500mm,Top,0.0
R93,78.5000mm,14.9500mm,Top,0.0
R94,79.4750mm,19.4500mm,Top,0.0
R95,82.3500mm,15.2000mm,Top,0.0
R96,84.7500mm,15.2000mm,Top,90.0
R97,79.4500mm,21.3000mm,Top,180.0
R98,104.1500mm,32.2500mm,Top,180.0
R99,111.5750mm,52.3500mm,Top,180.0
R100,106.8250mm,48.2500mm,Top,180.0
R101,104.2000mm,28.5500mm,Top,180.0
R102,104.1750mm,43.3500mm,Top,180.0
R103,72.8250mm,37.5000mm,Top,0.0
R104,72.8250mm,34.2500mm,Top,0.0
R106,121.9250mm,114.1650mm,Top,0.0
R107,123.7000mm,116.2150mm,Top,0.0
R108,119.5000mm,99.6500mm,Top,180.0
R109,119.5250mm,101.4500mm,Top,0.0
R110,120.3750mm,94.7000mm,Top,180.0
R111,117.1000mm,96.4500mm,Top,180.0
R112,106.0000mm,93.9000mm,Top,90.0
R113,108.4500mm,109.5500mm,Top,0.0
R114,111.9250mm,107.8000mm,Top,0.0
R115,105.2500mm,100.9500mm,Top,90.0
R116,108.8500mm,100.9250mm,Top,270.0
R117,107.9500mm,97.9500mm,Top,180.0
R120,131.7500mm,115.1500mm,Top,180.0
R121,133.4000mm,105.1500mm,Top,90.0
R122,88.3500mm,123.3500mm,Top,90.0
R123,118.4250mm,90.2500mm,Top,0.0
R124,121.7750mm,90.2500mm,Top,0.0
R125,139.9500mm,85.6500mm,Top,0.0
R126,118.5750mm,82.7500mm,Top,0.0
R127,121.8750mm,82.7500mm,Top,0.0
R128,139.9750mm,83.9000mm,Top,0.0
R130,103.9000mm,109.2500mm,Top,180.0
R131,106.8500mm,104.2750mm,Top,270.0
R132,103.1000mm,104.2500mm,Top,90.0
U1,161.4450mm,87.4000mm,Top,90.0
U2,171.0200mm,68.9500mm,Top,270.0
U3,154.7500mm,58.3000mm,Top,0.0
U9,148.4000mm,29.0875mm,Top,0.0
U10,161.4500mm,29.9875mm,Top,0.0
U11,102.4000mm,24.4875mm,Top,0.0
U18,136.0000mm,112.1250mm,Top,0.0
U19,132.8000mm,89.0500mm,Top,0.0
U20,132.8000mm,81.5000mm,Top,0.0
U21,142.3000mm,89.6000mm,Top,270.0
